"1","A","admin","admin","admin@admin.com","utente admin","1980-10-26"
"2","A","Gianni","Morandi","giannni@gmail.com","utente con privilegi massimi","1940-10-18"
"3","U","Gino","Zaia","gino@zaia.eu","utente semplice","1995-04-25"
"4","U","Giulia","Conforto","giuliaConforto@gmail.eu","utente semplice","1998-09-05"
"5","W","zerocalcare","zerocalcare","zerocalcare@gmail.com","scrittore semplice","1980-05-20"
"6","E","Bao Publishing","Bao Publishing","baoPublishing@gmail.com","editore semplice","1960-11-21"
